district	incumbent_2016	status_2016	party_2016	representative_2016	first	last	suffix	votes_2016	year_2016	percent_2016	win_2016	margin_2016	incumbent_2018	status_2018	party_2018	representative_2018	votes_2018	year_2018	percent_2018	win_2018	margin_2018	same	merge_name	progressive_avg	votes_cast
1	Pat Harkins	Re-elected	Democratic	Pat Harkins	pat	harkins	NA	14785	2016	0.729187216413494	TRUE	45.8374432826988	Pat Harkins	Re-elected	Democratic	Pat Harkins	13019	2018	1	TRUE	100	TRUE	harkins	0.636363636363636	11
2	Florindo Fabrizio	Re-elected	Democratic	Florindo Fabrizio	florindo	fabrizio	NA	16051	2016	0.637576961271102	TRUE	27.5153922542205	Florindo Fabrizio	Died in office	Democratic	Robert E Merski	13736	2018	0.648995983935743	TRUE	29.7991967871486	FALSE	fabrizio	1	2
3	Ryan Bizzarro	Re-elected	Democratic	Ryan Bizzarro	ryan	bizzarro	NA	19595	2016	0.599437119520328	TRUE	19.8874239040656	Ryan Bizzarro	Re-elected	Democratic	Ryan Bizzarro	20265	2018	1	TRUE	100	TRUE	bizzarro	0.727272727272727	11
4	Curt Sonney	Re-elected	Republican	Curt Sonney	curt	sonney	NA	22790	2016	1	TRUE	100	Curt Sonney	Re-elected	Republican	Curt Sonney	17389	2018	1	TRUE	100	TRUE	sonney	0.181818181818182	11
5	Barry Jozwiak	Re-elected	Republican	Barry Jozwiak	barry	jozwiak	NA	23936	2016	1	TRUE	100	Barry Jozwiak	Re-elected	Republican	Barry Jozwiak	18082	2018	1	TRUE	100	TRUE	jozwiak	0.272727272727273	11
6	Brad Roae	Re-elected	Republican	Brad Roae	brad	roae	NA	17197	2016	0.599951158247279	TRUE	19.9902316494558	Brad Roae	Re-elected	Republican	Brad Roae	17735	2018	1	TRUE	100	TRUE	roae	0.181818181818182	11
7	Mark Longietti	Re-elected	Democratic	Mark Longietti	mark	longietti	NA	27497	2016	1	TRUE	100	Mark Longietti	Re-elected	Democratic	Mark Longietti	27497	2018	1	TRUE	100	TRUE	longietti	0.636363636363636	11
8	Tedd Nesbit	Re-elected	Republican	Tedd Nesbit	tedd	nesbit	NA	18853	2016	0.666207286476554	TRUE	33.2414572953108	Tedd Nesbit	Re-elected	Republican	Tedd Nesbit	16221	2018	0.707815159052232	TRUE	41.5630318104464	TRUE	nesbit	0.181818181818182	11
9	Chris Sainato	Re-elected	Democratic	Chris Sainato	chris	sainato	NA	24848	2016	1	TRUE	100	Chris Sainato	Re-elected	Democratic	Chris Sainato	11959	2018	0.56874494697294	TRUE	13.7489893945879	TRUE	sainato	0.545454545454545	11
10	Jaret Gibbons	Defeated	Republican	Aaron Bernstine	aaron	bernstine	NA	15807	2016	0.584773038363361	TRUE	16.9546076726721	Aaron Bernstine	Re-elected	Republican	Aaron Bernstine	16090	2018	0.781941002089712	TRUE	56.3882004179424	TRUE	bernstine	0.2	10
11	Brian Ellis	Re-elected	Republican	Brian Ellis	brian	ellis	NA	24183	2016	1	TRUE	100	Brian Ellis	Re-elected	Republican	Brian Ellis	16079	2018	0.765010943001237	TRUE	53.0021886002474	TRUE	ellis	0.181818181818182	11
12	Daryl Metcalfe	Re-elected	Republican	Daryl Metcalfe	daryl	metcalfe	NA	24405	2016	0.678350056980849	TRUE	35.6700113961698	Daryl Metcalfe	Re-elected	Republican	Daryl Metcalfe	18086	2018	0.581955080764528	TRUE	16.3910161529056	TRUE	metcalfe	0.2	10
13	John Lawrence	Re-elected	Republican	John Lawrence	john	lawrence	NA	18446	2016	0.624864498644986	TRUE	24.9728997289973	John Lawrence	Re-elected	Republican	John Lawrence	13796	2018	0.544027761347056	TRUE	10.0398280689302	TRUE	lawrence	0.272727272727273	11
14	Jim Marshall	Re-elected	Republican	Jim Marshall	jim	marshall	NA	24499	2016	1	TRUE	100	Jim Marshall	Re-elected	Republican	Jim Marshall	16260	2018	0.630868316908512	TRUE	26.1736633817025	TRUE	marshall	0.181818181818182	11
15	Jim Christiana	Re-elected	Republican	Jim Christiana	jim	christiana	NA	19248	2016	0.629719295949748	TRUE	25.9438591899496	Jim Christiana	Ran for U.S. Senate	Republican	Josh Kail	15222	2018	0.614137012829823	TRUE	22.8274025659647	FALSE	christiana	0.111111111111111	9
16	Rob Matzie	Re-elected	Democratic	Rob Matzie	rob	matzie	NA	24078	2016	1	TRUE	100	Rob Matzie	Re-elected	Democratic	Rob Matzie	18528	2018	1	TRUE	100	TRUE	matzie	0.7	10
17	Parke Wentling	Re-elected	Republican	Parke Wentling	parke	wentling	NA	18937	2016	0.712721114038389	TRUE	42.5442228076778	Parke Wentling	Re-elected	Republican	Parke Wentling	17434	2018	1	TRUE	100	TRUE	wentling	0.181818181818182	11
18	Gene DiGirolamo	Re-elected	Republican	Gene DiGirolamo	gene	digirolamo	NA	19506	2016	1	TRUE	100	Gene DiGirolamo	Re-elected	Republican	Gene DiGirolamo	12870	2018	0.565291869811569	TRUE	13.0583739623139	TRUE	digirolamo	0.727272727272727	11
19	Jake Wheatley	Re-elected	Democratic	Jake Wheatley	jake	wheatley	NA	9404	2016	0.866488528517461	TRUE	73.2977057034921	Jake Wheatley	Re-elected	Democratic	Jake Wheatley	17534	2018	1	TRUE	100	TRUE	wheatley	0.777777777777778	9
20	Adam Ravenstahl	Re-elected	Democratic	Adam Ravenstahl	adam	ravenstahl	NA	23000	2016	0.809033029652819	TRUE	61.8066059305639	Adam Ravenstahl	Re-elected	Democratic	Adam Ravenstahl	21719	2018	1	TRUE	100	TRUE	ravenstahl	0.818181818181818	11
21	Dom Costa	Re-elected	Democratic	Dom Costa	dom	costa	NA	26453	2016	1	TRUE	100	Dom Costa	Defeated in Primary	Democratic	Sara Innamorato	19766	2018	1	TRUE	100	FALSE	costa d	0.818181818181818	11
22	Peter Schweyer	Re-elected	Democratic	Peter Schweyer	peter	schweyer	NA	15222	2016	1	TRUE	100	Peter Schweyer	Re-elected	Democratic	Peter Schweyer	9911	2018	1	TRUE	100	TRUE	schweyer	0.818181818181818	11
23	Dan Frankel	Re-elected	Democratic	Dan Frankel	dan	frankel	NA	28902	2016	1	TRUE	100	Dan Frankel	Re-elected	Democratic	Dan Frankel	22414	2018	0.905762547482421	TRUE	81.1525094964843	TRUE	frankel	0.909090909090909	11
24	Ed Gainey	Re-elected	Democratic	Ed Gainey	ed	gainey	NA	30562	2016	1	TRUE	100	Ed Gainey	Re-elected	Democratic	Ed Gainey	24994	2018	1	TRUE	100	TRUE	gainey	0.888888888888889	9
25	Joe Markosek	Re-elected	Democratic	Joe Markosek	joe	markosek	NA	19218	2016	0.624143418531389	TRUE	24.8286837062778	Joe Markosek	Retired	Democratic	Brandon Markosek	13963	2018	0.576007590445939	TRUE	15.2015180891877	FALSE	markosek	0.727272727272727	11
26	Tim Hennessey	Re-elected	Republican	Tim Hennessey	tim	hennessey	NA	22635	2016	1	TRUE	100	Tim Hennessey	Re-elected	Republican	Tim Hennessey	14290	2018	0.527929658637506	TRUE	5.5859317275011	TRUE	hennessey	0.444444444444444	9
27	Dan Deasy	Re-elected	Democratic	Dan Deasy	dan	deasy	NA	24380	2016	1	TRUE	100	Dan Deasy	Re-elected	Democratic	Dan Deasy	19413	2018	1	TRUE	100	TRUE	deasy	0.727272727272727	11
28	Mike Turzai	Re-elected	Republican	Mike Turzai	mike	turzai	NA	24327	2016	0.652460775110634	TRUE	30.4921550221269	Mike Turzai	Re-elected	Republican	Mike Turzai	17902	2018	0.545509949111741	TRUE	9.10198982234818	TRUE	turzai	0.272727272727273	11
29	Bernie O'Neill	Re-elected	Republican	Bernie O'Neill	bernie	o'neill	NA	22018	2016	0.619405294398965	TRUE	23.8810588797929	Bernie O'Neill	Retired	Republican	Meghan Schroeder	16555	2018	0.522042129162462	TRUE	4.40842583249244	FALSE	o'neill	0.454545454545455	11
30	Hal English	Re-elected	Republican	Hal English	hal	english	NA	35575	2016	1	TRUE	100	Hal English	Retired	Republican	Lori Mizgorski	17172	2018	0.522676082060023	TRUE	4.53521641200463	FALSE	english	0.363636363636364	11
31	Steve Santarsiero	Ran for Congress	Democratic	Perry Warren	perry	warren	NA	19071	2016	0.500985105209236	TRUE	0.197021041847267	Perry Warren	Re-elected	Democratic	Perry Warren	20583	2018	0.599597995805174	TRUE	19.9195991610347	TRUE	warren	0.818181818181818	11
32	Tony DeLuca	Re-elected	Democratic	Tony DeLuca	tony	deluca	NA	28716	2016	1	TRUE	100	Tony DeLuca	Re-elected	Democratic	Tony DeLuca	22726	2018	1	TRUE	100	TRUE	deluca	0.555555555555556	9
33	Frank Dermody	Re-elected	Democratic	Frank Dermody	frank	dermody	NA	21589	2016	1	TRUE	100	Frank Dermody	Re-elected	Democratic	Frank Dermody	12907	2018	0.556360187939135	TRUE	11.2720375878271	TRUE	dermody	1	11
34	Paul Costa	Re-elected	Democratic	Paul Costa	paul	costa	NA	27737	2016	1	TRUE	100	Paul Costa	Defeated in Primary	Democratic	Summer Lee	21123	2018	1	TRUE	100	FALSE	costa p	0.727272727272727	11
35	Marc Gergely	Re-elected	Democratic	Marc Gergely	marc	gergely	NA	16170	2016	0.625	TRUE	25	Austin Davis	Re-elected	Democratic	Austin Davis	15080	2018	1	TRUE	100	FALSE	gergely	1	1
36	Harry Readshaw	Re-elected	Democratic	Harry Readshaw	harry	readshaw	NA	24680	2016	1	TRUE	100	Harry Readshaw	Re-elected	Democratic	Harry Readshaw	19089	2018	1	TRUE	100	TRUE	readshaw	0.636363636363636	11
37	Mindy Fee	Re-elected	Republican	Mindy Fee	mindy	fee	NA	24680	2016	1	TRUE	100	Mindy Fee	Re-elected	Republican	Mindy Fee	18510	2018	0.726623223679045	TRUE	45.3246447358091	TRUE	fee	0.272727272727273	11
38	Bill Kortz	Re-elected	Democratic	Bill Kortz	bill	kortz	NA	21271	2016	0.656492083577667	TRUE	31.2984167155335	Bill Kortz	Re-elected	Democratic	Bill Kortz	19975	2018	1	TRUE	100	TRUE	kortz	0.636363636363636	11
39	Rick Saccone	Re-elected	Republican	Rick Saccone	rick	saccone	NA	22034	2016	0.683988328056125	TRUE	36.7976656112249	Rick Saccone	Ran for Congress	Republican	Mike Puskaric	14751	2018	0.558834671919988	TRUE	11.7669343839976	FALSE	saccone	0.222222222222222	9
40	John Maher	Re-elected	Republican	John Maher	john	maher	NA	24389	2016	0.650303967576792	TRUE	30.0607935153584	John Maher	Retired	Republican	Natalie Mihalek	18271	2018	0.56021953762188	TRUE	12.043907524376	FALSE	maher	0.4	10
41	Brett Miller	Re-elected	Republican	Brett Miller	brett	miller	NA	21537	2016	0.619520193303417	TRUE	23.9040386606835	Brett Miller	Re-elected	Republican	Brett Miller	16951	2018	0.56270747576683	TRUE	12.5414951533661	TRUE	miller b	0.181818181818182	11
42	Dan Miller	Re-elected	Democratic	Dan Miller	dan	miller	NA	26759	2016	1	TRUE	100	Dan Miller	Re-elected	Democratic	Dan Miller	23837	2018	1	TRUE	100	TRUE	miller d	0.8	10
43	Keith Greiner	Re-elected	Republican	Keith Greiner	keith	greiner	NA	19557	2016	0.669622680271177	TRUE	33.9245360542354	Keith Greiner	Re-elected	Republican	Keith Greiner	15692	2018	0.624184566428003	TRUE	24.8369132856006	TRUE	greiner	0.272727272727273	11
44	Mark Mustio	Re-elected	Republican	Mark Mustio	mark	mustio	NA	27715	2016	1	TRUE	100	Mark Mustio	Retired	Republican	Valerie Gaydos	15094	2018	0.51839131778686	TRUE	3.67826355737198	FALSE	mustio	0.181818181818182	11
45	Nick Kotik	Retired	Democratic	Anita Astorino Kulik	anita	astorino	kulik	29949	2016	1	TRUE	100	Anita Astorino Kulik	Re-elected	Democratic	Anita Astorino Kulik	20781	2018	1	TRUE	100	TRUE	kulik	0.727272727272727	11
46	Jason Ortitay	Re-elected	Republican	Jason Ortitay	jason	ortitay	NA	20056	2016	0.602390821168979	TRUE	20.4781642337959	Jason Ortitay	Re-elected	Republican	Jason Ortitay	15505	2018	0.55673249551167	TRUE	11.3464991023339	TRUE	ortitay	0.2	10
47	Keith Gillespie	Re-elected	Republican	Keith Gillespie	keith	gillespie	NA	24026	2016	1	TRUE	100	Keith Gillespie	Re-elected	Republican	Keith Gillespie	16286	2018	0.642953020134228	TRUE	28.5906040268456	TRUE	gillespie	0.272727272727273	11
48	Brandon Neuman	Re-elected	Democratic	Brandon Neuman	brandon	neuman	NA	21335	2016	1	TRUE	100	Tim O'Neal	Re-elected	Republican	Tim O'Neal	12993	2018	0.557495923796447	TRUE	11.4991847592895	FALSE	neuman	0.75	4
49	Peter Daley	Retired	Republican	Donald Cook	donald	cook	NA	13318	2016	0.533039823894337	TRUE	6.60796477886732	Donald Cook	Re-elected	Republican	Donald Cook	9750	2018	0.502784653465347	TRUE	0.556930693069302	TRUE	cook	0.181818181818182	11
50	Pam Snyder	Re-elected	Democratic	Pam Snyder	pam	snyder	NA	13044	2016	0.533257021380974	TRUE	6.65140427619476	Pam Snyder	Re-elected	Democratic	Pam Snyder	10532	2018	0.566114814018491	TRUE	13.2229628036981	TRUE	snyder	0.454545454545455	11
51	Tim Mahoney	Defeated	Republican	Matt Dowling	matt	dowling	NA	13318	2016	0.530661035183488	TRUE	6.13220703669761	Matt Dowling	Re-elected	Republican	Matt Dowling	10773	2018	0.554651701590897	TRUE	10.9303403181795	TRUE	dowling	0.181818181818182	11
52	Ryan Warner	Re-elected	Republican	Ryan Warner	ryan	warner	NA	16578	2016	0.639139486467731	TRUE	27.8278972935462	Ryan Warner	Re-elected	Republican	Ryan Warner	12251	2018	0.611724172367304	TRUE	22.3448344734608	TRUE	warner	0.181818181818182	11
53	Bob Godshall	Re-elected	Republican	Bob Godshall	bob	godshall	NA	17964	2016	0.595445656137094	TRUE	19.0891312274189	Bob Godshall	Retired	Democratic	Steve Malagari	13632	2018	0.510619170693336	TRUE	3.21009851294152	FALSE	godshall	0.4	10
54	Eli Evankovich	Re-elected	Republican	Eli Evankovich	eli	evankovich	NA	27008	2016	1	TRUE	100	Eli Evankovich	Announced retirement, then resigned	Republican	Robert Brooks	16276	2018	0.598514378171656	TRUE	19.7028756343311	FALSE	evankovich	0.111111111111111	9
55	Joe Petrarca	Re-elected	Democratic	Joe Petrarca	joe	petrarca	NA	15554	2016	0.56391849757088	TRUE	12.7836995141759	Joe Petrarca	Re-elected	Democratic	Joe Petrarca	14567	2018	1	TRUE	100	TRUE	petrarca	0.454545454545455	11
56	George Dunbar	Re-elected	Republican	George Dunbar	george	dunbar	NA	27727	2016	1	TRUE	100	George Dunbar	Re-elected	Republican	George Dunbar	17597	2018	0.629858973441191	TRUE	25.9717946882382	TRUE	dunbar	0.181818181818182	11
57	Eric Nelson	Re-elected	Republican	Eric Nelson	eric	nelson	NA	20396	2016	0.651525315444817	TRUE	30.3050630889634	Eric Nelson	Re-elected	Republican	Eric Nelson	16043	2018	0.628299522205687	TRUE	25.6599044411373	TRUE	nelson	0.181818181818182	11
58	Ted Harhai	Retired	Republican	Justin Walsh	justin	walsh	NA	17854	2016	0.615379312721883	TRUE	23.0758625443767	Justin Walsh	Re-elected	Republican	Justin Walsh	14172	2018	0.617408730504487	TRUE	23.4817461008974	TRUE	walsh	0.181818181818182	11
59	Mike Reese	Re-elected	Republican	Mike Reese	mike	reese	NA	27700	2016	1	TRUE	100	Mike Reese	Re-elected	Republican	Mike Reese	18481	2018	0.70336822074215	TRUE	40.6736441484301	TRUE	reese	0.181818181818182	11
60	Jeff Pyle	Re-elected	Republican	Jeff Pyle	jeff	pyle	NA	23937	2016	0.868478339743125	TRUE	73.6956679486249	Jeff Pyle	Re-elected	Republican	Jeff Pyle	19079	2018	1	TRUE	100	TRUE	pyle	0.181818181818182	11
61	Kate Harper	Re-elected	Republican	Kate Harper	kate	harper	NA	20458	2016	0.565294280187897	TRUE	13.0588560375794	Kate Harper	Defeated	Democratic	Liz Hanbidge	17689	2018	0.53761055222928	TRUE	7.522110445856	FALSE	harper	0.454545454545455	11
62	Dave Reed	Re-elected	Republican	Dave Reed	dave	reed	NA	18909	2016	0.68877718282155	TRUE	37.7554365643099	Dave Reed	Retired	Republican	James Struzzi	12321	2018	0.581755512536003	TRUE	16.3511025072005	FALSE	reed	0.3	10
63	Donna Oberlander	Re-elected	Republican	Donna Oberlander	donna	oberlander	NA	19533	2016	0.756447990085973	TRUE	51.2895980171946	Donna Oberlander	Re-elected	Republican	Donna Oberlander	15163	2018	0.730817428185849	TRUE	46.1634856371698	TRUE	oberlander	0.181818181818182	11
64	Lee James	Re-elected	Republican	Lee James	lee	james	NA	16082	2016	0.624762052756303	TRUE	27.5630317392487	Lee James	Re-elected	Republican	Lee James	13839	2018	0.67536967449124	TRUE	35.073934898248	TRUE	james	0.2	10
65	Kathy Rapp	Re-elected	Republican	Kathy Rapp	kathy	rapp	NA	18248	2016	0.699746913106833	TRUE	39.9493826213667	Kathy Rapp	Re-elected	Republican	Kathy Rapp	16259	2018	1	TRUE	100	TRUE	rapp	0.181818181818182	11
66	Cris Dush	Re-elected	Republican	Cris Dush	cris	dush	NA	23951	2016	1	TRUE	100	Cris Dush	Re-elected	Republican	Cris Dush	17007	2018	0.795611901197605	TRUE	59.122380239521	TRUE	dush	0.181818181818182	11
67	Martin Causer	Re-elected	Republican	Martin Causer	martin	causer	NA	22746	2016	1	TRUE	100	Martin Causer	Re-elected	Republican	Martin Causer	15823	2018	0.787488179963171	TRUE	57.4976359926342	TRUE	causer	0.272727272727273	11
68	Matt Baker	Re-elected	Republican	Matt Baker	matt	baker	NA	24920	2016	1	TRUE	100	Clint Owlett	Re-elected	Republican	Clint Owlett	16109	2018	0.769183020579669	TRUE	53.8366041159337	FALSE	baker	0	4
69	Carl Walker Metzgar	Re-elected	Republican	Carl Walker Metzgar	carl	walker	metzgar	28988	2016	1	TRUE	100	Carl Walker Metzgar	Re-elected	Republican	Carl Walker Metzgar	19028	2018	0.791645864536529	TRUE	58.3291729073057	TRUE	metzgar	0.2	10
70	Matt Bradford	Re-elected	Democratic	Matt Bradford	matt	bradford	NA	18443	2016	0.669996730482799	TRUE	33.9993460965597	Matt Bradford	Re-elected	Democratic	Matt Bradford	16055	2018	0.693011611343722	TRUE	38.6023222687443	TRUE	bradford	0.9	10
71	Bryan Barbin	Re-elected	Democratic	Bryan Barbin	bryan	barbin	NA	16557	2016	0.5898047876888	TRUE	17.96095753776	Bryan Barbin	Defeated	Republican	James Rigby	11615	2018	0.521413180104148	TRUE	4.28263602082959	FALSE	barbin	0.636363636363636	11
72	Frank Burns	Re-elected	Democratic	Frank Burns	frank	burns	NA	16361	2016	0.57554437682485	TRUE	15.1088753649699	Frank Burns	Re-elected	Democratic	Frank Burns	11819	2018	0.524240408072743	TRUE	4.84808161454868	TRUE	burns	0.454545454545455	11
73	Tommy Sankey	Re-elected	Republican	Tommy Sankey	tommy	sankey	NA	18631	2016	0.711052591405236	TRUE	42.2105182810472	Tommy Sankey	Re-elected	Republican	Tommy Sankey	19607	2018	1	TRUE	100	TRUE	sankey	0.181818181818182	11
74	Harry Lewis	Re-elected	Republican	Harry Lewis	harry	lewis	NA	14776	2016	0.512681725130981	TRUE	2.53634502619617	Harry Lewis	Retired	Democratic	Dan Williams	14826	2018	0.614676616915423	TRUE	22.9353233830846	FALSE	lewis	0.363636363636364	11
75	Matt Gabler	Re-elected	Republican	Matt Gabler	matt	gabler	NA	21081	2016	0.727307227876488	TRUE	45.4614455752976	Matt Gabler	Re-elected	Republican	Matt Gabler	21725	2018	1	TRUE	100	TRUE	gabler	0	3
76	Mike Hanna	Re-elected	Democratic	Mike Hanna	mike	hanna	NA	13213	2016	0.521552064419357	TRUE	4.31041288387148	Mike Hanna Sr.	Retired	Republican	Stephanie Borowicz	11224	2018	0.537213420762935	TRUE	7.44268415258699	FALSE	hanna	0.545454545454545	11
77	Scott Conklin	Re-elected	Democratic	Scott Conklin	scott	conklin	NA	25387	2016	1	TRUE	100	Scott Conklin	Re-elected	Democratic	Scott Conklin	14996	2018	1	TRUE	100	TRUE	conklin	0.727272727272727	11
78	Jesse Topper	Re-elected	Republican	Jesse Topper	jesse	topper	NA	26565	2016	1	TRUE	100	Jesse Topper	Re-elected	Republican	Jesse Topper	18937	2018	0.792077965534549	TRUE	58.4155931069098	TRUE	topper	0.0909090909090909	11
79	John McGinnis	Re-elected	Republican	John McGinnis	john	mcginnis	NA	20241	2016	1	TRUE	100	John McGinnis	Retired	Republican	Louis Schmitt Jr.	15.106	2018	1	TRUE	100	FALSE	mcginnis	0.3	10
80	Judy Ward	Re-elected	Republican	Judy Ward	judy	ward	NA	26397	2016	1	TRUE	100	Judy Ward	Retired	Republican	Gregory James V	17889	2018	0.743732590529248	TRUE	48.7465181058496	FALSE	ward	0.0909090909090909	11
81	Rich Irvin	Re-elected	Republican	Rich Irvin	rich	irvin	NA	18974	2016	0.637353039973127	TRUE	27.4706079946255	Rich Irvin	Re-elected	Republican	Rich Irvin	15579	2018	0.625185601348369	TRUE	27.9304948031622	TRUE	irvin	0.1	10
82	Adam Harris	Re-elected	Republican	Adam Harris	adam	harris	NA	21861	2016	1	TRUE	100	Adam Harris	Retired	Republican	John D. Hershey	15406	2018	0.825439348478354	TRUE	65.0878696956708	FALSE	harris a	0.2	10
83	Jeff Wheeland	Re-elected	Republican	Jeff Wheeland	jeff	wheeland	NA	19901	2016	1	TRUE	100	Jeff Wheeland	Re-elected	Republican	Jeff Wheeland	13108	2018	0.659389305297047	TRUE	31.8778610594094	TRUE	wheeland	0.181818181818182	11
84	Garth Everett	Re-elected	Republican	Garth Everett	garth	everett	NA	24765	2016	1	TRUE	100	Garth Everett	Re-elected	Republican	Garth Everett	18192	2018	0.789343515425001	TRUE	57.8687030850002	TRUE	everett	0.1	10
85	Fred Keller	Re-elected	Republican	Fred Keller	fred	keller	NA	21304	2016	1	TRUE	100	Fred Keller	Re-elected	Republican	Fred Keller	14714	2018	0.677253060848753	TRUE	35.4506121697505	TRUE	keller f	0.181818181818182	11
86	Mark Keller	Re-elected	Republican	Mark Keller	mark	keller	NA	25021	2016	1	TRUE	100	Mark Keller	Re-elected	Republican	Mark Keller	16152	2018	0.718857091993413	TRUE	43.7714183986826	TRUE	keller mk	0.2	10
87	Greg Rothman	Re-elected	Republican	Greg Rothman	greg	rothman	NA	22991	2016	0.626833524183434	TRUE	25.3667048366868	Greg Rothman	Re-elected	Republican	Greg Rothman	18541	2018	0.566275731476391	TRUE	13.2551462952782	TRUE	rothman	0.181818181818182	11
88	Sheryl Delozier	Re-elected	Republican	Sheryl Delozier	sheryl	delozier	NA	20518	2016	0.650972429328342	TRUE	30.1944858656683	Sheryl Delozier	Re-elected	Republican	Sheryl Delozier	16134	2018	0.580986676269355	TRUE	16.1973352538711	TRUE	delozier	0.272727272727273	11
89	Rob Kauffman	Re-elected	Republican	Rob Kauffman	rob	kauffman	NA	21532	2016	0.72500757601266	TRUE	45.0015152025321	Rob Kauffman	Re-elected	Republican	Rob Kauffman	18087	2018	1	TRUE	100	TRUE	kauffman	0.181818181818182	11
90	Paul Schemel	Re-elected	Republican	Paul Schemel	paul	schemel	NA	25846	2016	1	TRUE	100	Paul Schemel	Re-elected	Republican	Paul Schemel	19096	2018	1	TRUE	100	TRUE	schemel	0.181818181818182	11
91	Dan Moul	Re-elected	Republican	Dan Moul	dan	moul	NA	20069	2016	0.664932741369028	TRUE	32.9865482738056	Dan Moul	Re-elected	Republican	Dan Moul	20069	2018	0.68278161467016	TRUE	36.5563229340319	TRUE	moul	0.2	10
92	Mike Regan	Elected to State Senate	Republican	Dawn Keefer	dawn	keefer	NA	22517	2016	0.727481261307832	TRUE	45.4962522615663	Dawn Keefer	Re-elected	Republican	Dawn Keefer	19528	2018	0.69231041939944	TRUE	38.462083879888	TRUE	keefer	0.181818181818182	11
93	Kristin Phillips-Hill	Re-elected	Republican	Kristin Phillips-Hill	kristin	phillips	hill	26741	2016	1	TRUE	100	Kristin Phillips-Hill	Retired	Republican	Paul M. Jones	18036	2018	0.65880118347518	TRUE	31.760236695036	FALSE	hill	0.181818181818182	11
94	Stan Saylor	Re-elected	Republican	Stan Saylor	stan	saylor	NA	23701	2016	1	TRUE	100	Stan Saylor	Re-elected	Republican	Stan Saylor	15799	2018	0.663099135398304	TRUE	32.6198270796609	TRUE	saylor	0.272727272727273	11
95	Kevin Schreiber	Retired	Democratic	Carol Hill-Evans	carol	hill	evans	13726	2016	0.61036997509783	TRUE	22.073995019566	Carol Hill-Evans	Re-elected	Democratic	Carol Hill-Evans	12297	2018	1	TRUE	100	TRUE	evans	0.909090909090909	11
96	Mike Sturla	Re-elected	Democratic	Mike Sturla	mike	sturla	NA	17340	2016	0.732510983440351	TRUE	46.5021966880703	Mike Sturla	Re-elected	Democratic	Mike Sturla	15318	2018	1	TRUE	100	TRUE	sturla	0.909090909090909	11
97	Steven Mentzer	Re-elected	Republican	Steven Mentzer	steven	mentzer	NA	22952	2016	0.631329940860955	TRUE	26.2659881721909	Steven Mentzer	Re-elected	Republican	Steven Mentzer	18469	2018	0.566429491504631	TRUE	13.2858983009262	TRUE	mentzer	0.272727272727273	11
98	Dave Hickernell	Re-elected	Republican	Dave Hickernell	dave	hickernell	NA	23545	2016	1	TRUE	100	Dave Hickernell	Re-elected	Republican	Dave Hickernell	15577	2018	0.64490353564627	TRUE	31.3985261240374	TRUE	hickernell	0.272727272727273	11
99	David Zimmerman	Re-elected	Republican	David Zimmerman	david	zimmerman	NA	17945	2016	0.742633669922198	TRUE	48.5267339844397	David Zimmerman	Re-elected	Republican	David Zimmerman	14328	2018	0.714292836133406	TRUE	42.8585672266813	TRUE	zimmerman	0.181818181818182	11
100	Bryan Cutler	Re-elected	Republican	Bryan Cutler	bryan	cutler	NA	17416	2016	0.739344540669044	TRUE	47.8689081338088	Bryan Cutler	Re-elected	Republican	Bryan Cutler	14111	2018	0.720463596446441	TRUE	44.0927192892883	TRUE	cutler	0.272727272727273	11
101	Mauree Gingrich	Retired	Republican	Frank Ryan	frank	ryan	NA	19800	2016	0.670005414185165	TRUE	34.001082837033	Frank Ryan	Re-elected	Republican	Frank Ryan	15512	2018	0.64458757531685	TRUE	28.91751506337	TRUE	ryan	0.181818181818182	11
102	Russ Diamond	Re-elected	Republican	Russ Diamond	russ	diamond	NA	19858	2016	0.699053050304502	TRUE	39.8106100609005	Russ Diamond	Re-elected	Republican	Russ Diamond	17966	2018	1	TRUE	100	TRUE	diamond	0.272727272727273	11
103	Patty Kim	Re-elected	Democratic	Patty Kim	patty	kim	NA	20864	2016	1	TRUE	100	Patty Kim	Re-elected	Democratic	Patty Kim	15422	2018	0.839840984588575	TRUE	67.968196917715	TRUE	kim	0.909090909090909	11
104	Sue Helm	Re-elected	Republican	Sue Helm	sue	helm	NA	19024	2016	0.577114427860697	TRUE	15.4228855721393	Sue Helm	Re-elected	Republican	Sue Helm	15385	2018	0.544775326652739	TRUE	8.95506533054779	TRUE	helm	0.272727272727273	11
105	Ron Marsico	Re-elected	Republican	Ron Marsico	ron	marsico	NA	34353	2016	1	TRUE	100	Ron Marsico	Retired	Republican	Andrew Lewis	15789	2018	0.508240520182836	TRUE	1.6481040365673	FALSE	marsico	0.222222222222222	9
106	John Payne	Retired	Republican	Thomas Mehaffie	thomas	mehaffie	NA	21916	2016	1	TRUE	100	Thomas Mehaffie	Re-elected	Republican	Thomas Mehaffie	14513	2018	0.545765643802647	TRUE	9.15312876052948	TRUE	mehaffie	0.454545454545455	11
107	Kurt Masser	Re-elected	Republican	Kurt Masser	kurt	masser	NA	18084	2016	0.716084580660489	TRUE	43.2169161320979	Kurt Masser	Re-elected	Republican	Kurt Masser	13678	2018	0.675156720469915	TRUE	35.0313440939829	TRUE	masser	0.272727272727273	11
108	Lynda Schlegel-Culver	Re-elected	Republican	Lynda Schlegel-Culver	lynda	schlegel	culver	19576	2016	0.766513959043032	TRUE	53.3027918086064	Lynda Schlegel-Culver	Re-elected	Republican	Lynda Schlegel-Culver	17541	2018	1	TRUE	100	TRUE	culver	0.181818181818182	11
109	David Millard	Re-elected	Republican	David Millard	david	millard	NA	16392	2016	0.620368618249252	TRUE	29.7278885819173	David Millard	Re-elected	Republican	David Millard	14039	2018	0.662592033226355	TRUE	32.5184066452709	TRUE	millard	0.181818181818182	11
110	Tina Pickett	Re-elected	Republican	Tina Pickett	tina	pickett	NA	22319	2016	1	TRUE	100	Tina Pickett	Re-elected	Republican	Tina Pickett	14648	2018	0.711862759391554	TRUE	42.3725518783107	TRUE	pickett	0.181818181818182	11
111	Sandra Major	Retired	Republican	Jon Fritz	jon	fritz	NA	22335	2016	1	TRUE	100	Jon Fritz	Re-elected	Republican	Jon Fritz	16244	2018	0.716984463276836	TRUE	43.3968926553672	TRUE	fritz	0.181818181818182	11
112	Frank Farina	Defeated in primary	Democratic	Kevin Haggerty	kevin	haggerty	NA	15643	2016	0.5308650354634	TRUE	6.17300709267994	Kevin Haggerty	Retired	Democratic	Kyle Mullins	17081	2018	0.696927659227223	TRUE	39.3855318454445	FALSE	haggerty	0.5	8
113	Marty Flynn	Re-elected	Democratic	Marty Flynn	marty	flynn	NA	18609	2016	0.692891983467997	TRUE	38.5783966935994	Marty Flynn	Re-elected	Democratic	Marty Flynn	16661	2018	1	TRUE	100	TRUE	flynn	0.727272727272727	11
114	Sid Michaels Kavulich	Re-elected	Democratic	Sid Michaels Kavulich	sid	michaels	kavulich	21450	2016	0.671466583189858	TRUE	34.2933166379715	Sid Michaels Kavulich	Re-elected (Died in office but name remained on ballot)	Democratic	Sid Michaels Kavulich	15787	2018	1	TRUE	100	TRUE	kavulich	0.777777777777778	9
115	David Parker	Defeated	Democratic	Maureen Madden	maureen	madden	NA	11845	2016	0.519198737617253	TRUE	3.83974752345051	Maureen Madden	Re-elected	Democratic	Maureen Madden	11316	2018	0.601051681096298	TRUE	20.2103362192596	TRUE	madden	0.909090909090909	11
116	Tarah Toohil	Re-elected	Republican	Tarah Toohil	tarah	toohil	NA	16695	2016	0.70194248234107	TRUE	40.3884964682139	Tarah Toohil	Re-elected	Republican	Tarah Toohil	14996	2018	1	TRUE	100	TRUE	toohil	0.272727272727273	11
117	Karen Boback	Re-elected	Republican	Karen Boback	karen	boback	NA	24869	2016	0.876687700497056	TRUE	80.389184615927	Karen Boback	Re-elected	Republican	Karen Boback	18360	2018	0.821182574469988	TRUE	64.2365148939977	TRUE	boback	0.5	10
118	Mike Carroll	Re-elected	Democratic	Mike Carroll	mike	carroll	NA	20627	2016	1	TRUE	100	Mike Carroll	Re-elected	Democratic	Mike Carroll	15936	2018	1	TRUE	100	TRUE	carroll	0.818181818181818	11
119	Jerry Mullery	Re-elected	Democratic	Jerry Mullery	jerry	mullery	NA	13760	2016	0.562390158172232	TRUE	12.4780316344464	Jerry Mullery	Re-elected	Democratic	Jerry Mullery	10719	2018	0.530564767608771	TRUE	6.1129535217542	TRUE	mullery	0.545454545454545	11
120	Aaron Kaufer	Re-elected	Republican	Aaron Kaufer	aaron	kaufer	NA	18843	2016	0.678489125738154	TRUE	35.6978251476307	Aaron Kaufer	Re-elected	Republican	Aaron Kaufer	16667	2018	1	TRUE	100	TRUE	kaufer	0.2	10
121	Eddie Day Pashinski	Re-elected	Democratic	Eddie Day Pashinski	eddie	day	pashinski	14940	2016	0.781013121438653	TRUE	56.2026242877307	Eddie Day Pashinski	Re-elected	Democratic	Eddie Day Pashinski	9690	2018	0.572965941343425	TRUE	14.593188268685	TRUE	pashinski	0.909090909090909	11
122	Doyle Heffley	Re-elected	Republican	Doyle Heffley	doyle	heffley	NA	16269	2016	0.594801111436092	TRUE	20.8394267329629	Doyle Heffley	Re-elected	Republican	Doyle Heffley	14355	2018	0.671107994389902	TRUE	34.2215988779804	TRUE	heffley	0.181818181818182	11
123	Neal Goodman	Re-elected	Democratic	Neal Goodman	neal	goodman	NA	17942	2016	1	TRUE	100	Neal Goodman	Re-elected	Democratic	Neal Goodman	12020	2018	1	TRUE	100	TRUE	goodman	0.727272727272727	11
124	Jerry Knowles	Re-elected	Republican	Jerry Knowles	jerry	knowles	NA	26187	2016	1	TRUE	100	Jerry Knowles	Re-elected	Republican	Jerry Knowles	17929	2018	1	TRUE	100	TRUE	knowles	0.181818181818182	11
125	Mike Tobash	Re-elected	Republican	Mike Tobash	mike	tobash	NA	24115	2016	1	TRUE	100	Mike Tobash	Re-elected	Republican	Mike Tobash	18243	2018	1	TRUE	100	TRUE	tobash	0.181818181818182	11
126	Mark Rozzi	Re-elected	Democratic	Mark Rozzi	mark	rozzi	NA	20479	2016	1	TRUE	100	Mark Rozzi	Re-elected	Democratic	Mark Rozzi	15291	2018	1	TRUE	100	TRUE	rozzi	0.9	10
127	Tom Caltagirone	Re-elected	Democratic	Tom Caltagirone	tom	caltagirone	NA	13881	2016	1	TRUE	100	Tom Caltagirone	Re-elected	Democratic	Tom Caltagirone	8333	2018	0.799328537170264	TRUE	59.8657074340528	TRUE	caltagirone	0.818181818181818	11
128	Mark Gillen	Re-elected	Republican	Mark Gillen	mark	gillen	NA	25847	2016	1	TRUE	100	Mark Gillen	Re-elected	Republican	Mark Gillen	16707	2018	0.999344716503902	TRUE	99.8689433007805	TRUE	gillen	0.454545454545455	11
129	Jim Cox	Re-elected	Republican	Jim Cox	jim	cox	NA	24900	2016	1	TRUE	100	Jim Cox	Re-elected	Republican	Jim Cox	14564	2018	0.549501961968005	TRUE	9.90039239360097	TRUE	cox	0.272727272727273	11
130	David Maloney	Re-elected	Republican	David Maloney	david	maloney	NA	24860	2016	1	TRUE	100	David Maloney	Re-elected	Republican	David Maloney	18369	2018	1	TRUE	100	TRUE	maloney	0.1	10
131	Justin Simmons	Re-elected	Republican	Justin Simmons	justin	simmons	NA	21379	2016	0.628276713294934	TRUE	25.6553426589867	Justin Simmons	Re-elected	Republican	Justin Simmons	15579	2018	0.528209127280125	TRUE	5.64182545602496	TRUE	simmons	0.3	10
132	Mike Schlossberg	Re-elected	Democratic	Mike Schlossberg	mike	schlossberg	NA	16065	2016	0.671305001880406	TRUE	34.2610003760812	Mike Schlossberg	Re-elected	Democratic	Mike Schlossberg	14025	2018	1	TRUE	100	TRUE	schlossberg	0.909090909090909	11
133	Dan McNeill	Re-elected	Democratic	Dan McNeill	dan	mcneill	NA	15102	2016	0.56312924155418	TRUE	16.6082481915132	Dan McNeill	Re-elected	Democratic	Dan McNeill	15366	2018	1	TRUE	100	TRUE	mcneill	0.875	8
134	Ryan Mackenzie	Re-elected	Republican	Ryan Mackenzie	ryan	mackenzie	NA	25676	2016	1	TRUE	100	Ryan Mackenzie	Re-elected	Republican	Ryan Mackenzie	16237	2018	0.572854925204629	TRUE	14.5709850409258	TRUE	mackenzie	0.272727272727273	11
135	Steve Samuelson	Re-elected	Democratic	Steve Samuelson	steve	samuelson	NA	19431	2016	1	TRUE	100	Steve Samuelson	Re-elected	Democratic	Steve Samuelson	15872	2018	1	TRUE	100	TRUE	samuelson	0.818181818181818	11
136	Bob Freeman	Re-elected	Democratic	Bob Freeman	bob	freeman	NA	18345	2016	1	TRUE	100	Bob Freeman	Re-elected	Democratic	Bob Freeman	14516	2018	1	TRUE	100	TRUE	freeman	0.909090909090909	11
137	Joe Emrick	Re-elected	Republican	Joe Emrick	joe	emrick	NA	20039	2016	0.655790817161371	TRUE	31.1581634322741	Joe Emrick	Re-elected	Republican	Joe Emrick	14200	2018	0.552615193026152	TRUE	11.6632938978829	TRUE	emrick	0.272727272727273	11
138	Marcia Hahn	Re-elected	Republican	Marcia Hahn	marcia	hahn	NA	23287	2016	0.900154619250097	TRUE	80.0309238500193	Marcia Hahn	Re-elected	Republican	Marcia Hahn	16705	2018	0.577627939142462	TRUE	17.16459197787	TRUE	hahn	0.272727272727273	11
139	Mike Peifer	Re-elected	Republican	Mike Peifer	mike	peifer	NA	23521	2016	1	TRUE	100	Mike Peifer	Re-elected	Republican	Mike Peifer	17048	2018	0.684631139311674	TRUE	36.9262278623348	TRUE	peifer	0.181818181818182	11
140	John Galloway	Re-elected	Democratic	John Galloway	john	galloway	NA	21521	2016	1	TRUE	100	John Galloway	Re-elected	Democratic	John Galloway	17490	2018	1	TRUE	100	TRUE	galloway	0.7	10
141	Tina Davis	Re-elected	Democratic	Tina Davis	tina	davis	NA	17743	2016	0.655981958000592	TRUE	31.1963916001183	Tina Davis	Re-elected	Democratic	Tina Davis	13347	2018	0.621253025507354	TRUE	24.2506051014709	TRUE	davis	0.75	4
142	Frank Farry	Re-elected	Republican	Frank Farry	frank	farry	NA	26325	2016	1	TRUE	100	Frank Farry	Re-elected	Republican	Frank Farry	18177	2018	0.560707014621507	TRUE	12.1414029243013	TRUE	farry	0.727272727272727	11
143	Marguerite Quinn	Re-elected	Republican	Marguerite Quinn	marguerite	quinn	NA	24033	2016	0.637547750424448	TRUE	27.5095500848896	Marguerite Quinn	Ran for State Senate	Democratic	Wendy Ullman	17339	2018	0.508445252477861	TRUE	1.68905049557211	FALSE	quinn c	0.363636363636364	11
144	Kathy Watson	Re-elected	Republican	Kathy Watson	kathy	watson	NA	25243	2016	1	TRUE	100	Kathy Watson	Retired	Republican	Todd Polinchock	15457	2018	0.509728268038517	TRUE	1.94565360770347	FALSE	watson	0.375	8
145	Craig Staats	Re-elected	Republican	Craig Staats	craig	staats	NA	18695	2016	0.582998097732872	TRUE	16.5996195465744	Craig Staats	Re-elected	Republican	Craig Staats	15598	2018	0.565247327414387	TRUE	13.0494654828773	TRUE	staats	0.272727272727273	11
146	Tom Quigley	Re-elected	Republican	Tom Quigley	tom	quigley	NA	15060	2016	0.511531537651574	TRUE	2.30630753031487	Tom Quigley	Defeated	Democratic	Joe Ciresi	14093	2018	0.555301627329682	TRUE	11.0603254659364	FALSE	quigley	0.3	10
147	Marcy Toepel	Re-elected	Republican	Marcy Toepel	marcy	toepel	NA	20045	2016	0.633493458062069	TRUE	26.6986916124139	Marcy Toepel	Re-elected	Republican	Marcy Toepel	15776	2018	0.566829548720897	TRUE	13.3659097441794	TRUE	toepel	0.272727272727273	11
148	Mary Jo Daley	Re-elected	Democratic	Mary Jo Daley	mary	jo	daley	24669	2016	0.634784622510421	TRUE	26.9569245020843	Mary Jo Daley	Re-elected	Democratic	Mary Jo Daley	26807	2018	1	TRUE	100	TRUE	daley	0.9	10
149	Tim Briggs	Re-elected	Democratic	Tim Briggs	tim	briggs	NA	22393	2016	0.668647357420125	TRUE	33.7294714840251	Tim Briggs	Re-elected	Democratic	Tim Briggs	23320	2018	1	TRUE	100	TRUE	briggs	0.909090909090909	11
150	Mike Vereb	Retired	Republican	Mike Corr	mike	corr	NA	17065	2016	0.543177260718719	TRUE	8.63545214374384	Mike Corr	Retired	Democratic	Joe Webster	15535	2018	0.560102394000577	TRUE	12.0204788001154	FALSE	corr	0.333333333333333	9
151	Todd Stephens	Re-elected	Republican	Todd Stephens	todd	stephens	NA	20358	2016	0.608119007079487	TRUE	21.6238014158975	Todd Stephens	Re-elected	Republican	Todd Stephens	15340	2018	0.514920613608137	TRUE	2.98412272162734	TRUE	stephens	0.5	10
152	Tom Murt	Re-elected	Republican	Tom Murt	tom	murt	NA	21478	2016	0.633251761653448	TRUE	26.6503523306896	Tom Murt	Re-elected	Republican	Tom Murt	16469	2018	0.549754648329272	TRUE	9.9509296658544	TRUE	murt	0.7	10
153	Madeleine Dean	Re-elected	Democratic	Madeleine Dean	madeleine	dean	NA	24496	2016	0.662519608373452	TRUE	32.5039216746903	Madeleine Dean	Ran for Congress	Democratic	Ben Sanchez	23694	2018	0.707621550591327	TRUE	42.5785449767053	FALSE	dean	0.875	8
154	Steve McCarter	Re-elected	Democratic	Steve McCarter	steve	mccarter	NA	27067	2016	0.777474579192279	TRUE	55.4949158384558	Steve McCarter	Re-elected	Democratic	Steve McCarter	26592	2018	0.814730843469469	TRUE	62.9461686938938	TRUE	mccarter	1	10
155	Becky Corbin	Re-elected	Republican	Becky Corbin	becky	corbin	NA	21617	2016	0.579497627536659	TRUE	15.8995255073318	Becky Corbin	Defeated	Democratic	Danielle Otten	18434	2018	0.546451651153139	TRUE	9.29033023062786	FALSE	corbin	0.3	10
156	Dan Truitt	Defeated	Democratic	Carolyn Comitta	carolyn	comitta	NA	18267	2016	0.500342381330631	TRUE	0.0684762661261606	Carolyn Comitta	Re-elected	Democratic	Carolyn Comitta	17923	2018	0.565126911556046	TRUE	13.0253823112092	TRUE	comitta	0.818181818181818	11
157	Warren Kampf	Re-elected	Republican	Warren Kampf	warren	kampf	NA	19144	2016	0.558134110787172	TRUE	11.6268221574344	Warren Kampf	Defeated	Democratic	Melissa Shusterman	17681	2018	0.565828213005632	TRUE	13.1656426011265	FALSE	kampf	0.363636363636364	11
158	Chris Ross	Retired	Republican	Eric Roe	eric	roe	NA	17634	2016	0.530760895738021	TRUE	6.15217914760414	Eric M. Roe	Defeated	Democratic	Christina Sappey	15641	2018	0.534387918958625	TRUE	6.87758379172503	FALSE	roe	0.363636363636364	11
159	Thaddeus Kirkland	Retired	Democratic	Brian Joseph Kirkland	brian	joseph	kirkland	18161	2016	0.756046792389992	TRUE	51.2093584779984	Brian Joseph Kirkland	Re-elected	Democratic	Brian Joseph Kirkland	13379	2018	0.764863937800137	TRUE	52.9727875600274	TRUE	kirkland	0.909090909090909	11
160	Steve Barrar	Re-elected	Republican	Steve Barrar	steve	barrar	NA	22178	2016	0.809741136952791	TRUE	61.9482273905583	Steve Barrar	Re-elected	Republican	Steve Barrar	15480	2018	0.514747447876833	TRUE	2.9494895753666	TRUE	barrar	0.545454545454545	11
161	Leanne Krueger-Braneky	Re-elected	Democratic	Leanne Krueger-Braneky	leanne	krueger	braneky	18218	2016	0.508328915427328	TRUE	1.66578308546555	Leanne Krueger-Braneky	Re-elected	Democratic	Leanne Krueger-Braneky	17573	2018	0.584986684420772	TRUE	16.9973368841545	TRUE	krueger	0.818181818181818	11
162	Nick Miccarelli	Re-elected	Republican	Nick Miccarelli	nick	miccarelli	NA	19883	2016	0.639160344605889	TRUE	27.8320689211778	Nick Miccarelli	Retired	Democratic	David Delloso	12826	2018	0.515473032714412	TRUE	3.09460654288241	FALSE	miccarelli	0.5	8
163	James Santora	Re-elected	Republican	James Santora	james	santora	NA	18176	2016	0.542745379079698	TRUE	8.54907581593956	James Santora	Defeated	Democratic	Michael Zabel	15000	2018	0.534245111657228	TRUE	6.84902233144566	FALSE	santora	0.6	10
164	Margo Davidson	Re-elected	Democratic	Margo Davidson	margo	davidson	NA	20448	2016	0.790383054385219	TRUE	58.0766108770438	Margo Davidson	Re-elected	Democratic	Margo Davidson	17490	2018	0.830681548325813	TRUE	66.1363096651627	TRUE	davidson	0.8	10
165	Bill Adolph	Retired	Republican	Alexander Charlton	alexander	charlton	NA	20615	2016	0.560068463377527	TRUE	12.0136926755053	Alex Charlton	Defeated	Democratic	Jennifer Oâ€™Mara	15639	2018	0.502473975067472	TRUE	0.494795013494409	FALSE	charlton	0.545454545454545	11
166	Greg Vitali	Re-elected	Democratic	Greg Vitali	greg	vitali	NA	23783	2016	0.660290402287682	TRUE	32.0580804575363	Greg Vitali	Re-elected	Democratic	Greg Vitali	22728	2018	0.725392569896591	TRUE	45.0785139793183	TRUE	vitali	1	8
167	Duane Milne	Re-elected	Republican	Duane Milne	duane	milne	NA	20623	2016	0.567236020573755	TRUE	13.4472041147509	Duane Milne	Defeated	Democratic	Kristine Howard	17109	2018	0.521472766618916	TRUE	4.29455332378311	FALSE	milne	0.5	10
168	Christopher B. Quinn	Re-elected	Republican	Christopher B. Quinn	christopher	b.	quinn	21058	2016	0.561471803759499	TRUE	12.2943607518998	Christopher B. Quinn	Re-elected	Republican	Christopher B. Quinn	16569	2018	0.511704756022236	TRUE	2.34095120444719	TRUE	quinn c	0.363636363636364	11
169	Kate Klunk	Re-elected	Republican	Kate Klunk	kate	klunk	NA	23042	2016	0.807131848115455	TRUE	61.4263696230909	Kate Klunk	Re-elected	Republican	Kate Klunk	17688	2018	0.705657065347483	TRUE	41.1314130694965	TRUE	klunk	0.3	10
170	Martina White	Re-elected	Republican	Martina White	martina	white	NA	14256	2016	0.539019963702359	TRUE	7.80399274047187	Martina White	Re-elected	Republican	Martina White	11754	2018	0.576063516957459	TRUE	15.2127033914919	TRUE	white	0.454545454545455	11
171	Kerry Benninghoff	Re-elected	Republican	Kerry Benninghoff	kerry	benninghoff	NA	23440	2016	0.685600631782152	TRUE	37.1201263564304	Kerry Benninghoff	Re-elected	Republican	Kerry Benninghoff	17398	2018	0.591346317256382	TRUE	18.2692634512763	TRUE	benninghoff	0.272727272727273	11
172	Kevin Boyle	Re-elected	Democratic	Kevin Boyle	kevin	boyle	NA	16124	2016	0.624598101878753	TRUE	24.9196203757505	Kevin Boyle	Re-elected	Democratic	Kevin Boyle	14598	2018	1	TRUE	100	TRUE	boyle	0.818181818181818	11
173	Michael Driscoll	Re-elected	Democratic	Michael Driscoll	michael	driscoll	NA	17914	2016	1	TRUE	100	Michael Driscoll	Re-elected	Democratic	Michael Driscoll	13757	2018	1	TRUE	100	TRUE	driscoll	0.727272727272727	11
174	Ed Neilson	Re-elected	Democratic	Ed Neilson	ed	neilson	NA	18879	2016	1	TRUE	100	Ed Neilson	Re-elected	Democratic	Ed Neilson	14213	2018	1	TRUE	100	TRUE	neilson	0.8	10
175	Mike O'Brien	Re-elected	Democratic	Mike O'Brien	mike	o'brien	NA	26739	2016	1	TRUE	100	Mike O'Brien	Retired	Democratic	Mary Isaacson	24538	2018	1	TRUE	100	FALSE	o'brien	0.875	8
176	Jack Rader	Re-elected	Republican	Jack Rader	jack	rader	NA	17519	2016	1	TRUE	100	Jack Rader	Re-elected	Republican	Jack Rader	11635	2018	0.54737485886338	TRUE	9.47497177267596	TRUE	rader	0.272727272727273	11
177	John Taylor	Re-elected	Republican	John Taylor	john	taylor	NA	14128	2016	0.551465709044069	TRUE	10.2931418088138	John Taylor	Retired	Democratic	Joseph C. Hohenstein	11436	2018	0.594263146954895	TRUE	18.852629390979	FALSE	taylor	0.3	10
178	Scott Petri	Re-elected	Republican	Scott Petri	scott	petri	NA	23567	2016	0.610733906914067	TRUE	22.1467813828133	Scott Petri	Retired	Republican	Wendi Thomas	17608	2018	0.508255397760074	TRUE	1.65107955201478	FALSE	petri	0	3
179	Jason Dawkins	Re-elected	Democratic	Jason Dawkins	jason	dawkins	NA	20557	2016	1	TRUE	100	Jason Dawkins	Re-elected	Democratic	Jason Dawkins	14735	2018	1	TRUE	100	TRUE	dawkins	0.909090909090909	11
180	Angel Cruz	Re-elected	Democratic	Angel Cruz	angel	cruz	NA	17190	2016	1	TRUE	100	Angel Cruz	Re-elected	Democratic	Angel Cruz	10418	2018	1	TRUE	100	TRUE	cruz	0.8	10
181	Curtis Thomas	Re-elected	Democratic	Curtis Thomas	curtis	thomas	NA	27603	2016	1	TRUE	100	Curtis Thomas	Retired	Democratic	Malcolm Kenyatta	21382	2018	0.953191868758916	TRUE	90.6383737517832	FALSE	thomas	0.857142857142857	7
182	Brian Sims	Re-elected	Democratic	Brian Sims	brian	sims	NA	31733	2016	1	TRUE	100	Brian Sims	Re-elected	Democratic	Brian Sims	28234	2018	0.905603489752061	TRUE	81.1206979504122	TRUE	sims	0.909090909090909	11
183	Julie Harhart	Retired	Republican	Zachary Mako	zachary	mako	NA	17481	2016	0.579205460388986	TRUE	15.8410920777973	Zachary Mako	Re-elected	Republican	Zachary Mako	14020	2018	0.566441759928892	TRUE	13.2883519857784	TRUE	mako	0.25	8
184	Bill Keller	Re-elected	Democratic	Bill Keller	bill	keller	NA	21206	2016	1	TRUE	100	Bill Keller	Retired	Democratic	Elizabeth Fiedler	17441	2018	1	TRUE	100	FALSE	keller w	0.8	10
185	Maria Donatucci	Re-elected	Democratic	Maria Donatucci	maria	donatucci	NA	24085	2016	1	TRUE	100	Maria Donatucci	Re-elected	Democratic	Maria Donatucci	20087	2018	1	TRUE	100	TRUE	donatucci	0.818181818181818	11
186	Jordan Harris	Re-elected	Democratic	Jordan Harris	jordan	harris	NA	29455	2016	1	TRUE	100	Jordan Harris	Re-elected	Democratic	Jordan Harris	25775	2018	1	TRUE	100	TRUE	harris j	0.727272727272727	11
187	Gary Day	Re-elected	Republican	Gary Day	gary	day	NA	29870	2016	1	TRUE	100	Gary Day	Re-elected	Republican	Gary Day	16018	2018	0.59347906632086	TRUE	18.6958132641719	TRUE	day	0.272727272727273	11
188	Jim Roebuck	Re-elected	Democratic	Jim Roebuck	jim	roebuck	NA	26898	2016	1	TRUE	100	Jim Roebuck	Re-elected	Democratic	Jim Roebuck	22868	2018	1	TRUE	100	TRUE	roebuck	0.909090909090909	11
189	Rosemary Brown	Re-elected	Republican	Rosemary Brown	rosemary	brown	NA	16142	2016	0.635161721885575	TRUE	27.032344377115	Rosemary Brown	Re-elected	Republican	Rosemary Brown	12085	2018	0.585456835577948	TRUE	17.0913671155896	TRUE	brown r	0.181818181818182	11
190	Vanessa Brown	Re-elected	Democratic	Vanessa Brown	vanessa	brown	NA	28620	2016	1	TRUE	100	Vanessa Brown	Re-elected	Democratic	Vanessa Brown	22644	2018	1	TRUE	100	TRUE	brown v	0.9	10
191	Joanna E. McClinton	Re-elected	Democratic	Joanna E. McClinton	joanna	e.	mcclinton	25729	2016	1	TRUE	100	Joanna E. McClinton	Re-elected	Democratic	Joanna E. McClinton	20372	2018	1	TRUE	100	TRUE	mcclinton	0.727272727272727	11
192	Lynwood Savage	Defeated in primary	Democratic	Morgan Cephas	morgan	cephas	NA	29827	2016	1	TRUE	100	Morgan Cephas	Re-elected	Democratic	Morgan Cephas	25070	2018	1	TRUE	100	TRUE	cephas	0.909090909090909	11
193	Will Tallman	Re-elected	Republican	Will Tallman	will	tallman	NA	21306	2016	0.743638965481135	TRUE	48.727793096227	Will Tallman	Retired	Republican	Torren Ecker	16388	2018	0.679210875331565	TRUE	35.842175066313	FALSE	tallman	0.0909090909090909	11
194	Pamela DeLissio	Re-elected	Democratic	Pamela DeLissio	pamela	delissio	NA	22960	2016	0.707179597745403	TRUE	41.4359195490806	Pamela DeLissio	Re-elected	Democratic	Pamela DeLissio	22745	2018	0.780327981336627	TRUE	58.655825442569	TRUE	delissio	0.909090909090909	11
195	Donna Bullock	Re-elected	Democratic	Donna Bullock	donna	bullock	NA	30269	2016	1	TRUE	100	Donna Bullock	Re-elected	Democratic	Donna Bullock	25525	2018	1	TRUE	100	TRUE	bullock	0.909090909090909	11
196	Seth Grove	Re-elected	Republican	Seth Grove	seth	grove	NA	25449	2016	1	TRUE	100	Seth Grove	Re-elected	Republican	Seth Grove	19632	2018	1	TRUE	100	TRUE	grove	0.181818181818182	11
198	Rosita Youngblood	Re-elected	Democratic	Rosita Youngblood	rosita	youngblood	NA	28060	2016	1	TRUE	100	Rosita Youngblood	Re-elected	Democratic	Rosita Youngblood	22164	2018	1	TRUE	100	TRUE	youngblood	0.888888888888889	9
199	Stephen Bloom	Re-elected	Republican	Stephen Bloom	stephen	bloom	NA	19064	2016	0.642707841682961	TRUE	28.5415683365923	Stephen Bloom	Ran for Congress	Republican	Barbara Gleim	14733	2018	0.588566634707574	TRUE	19.443112815596	FALSE	bloom	0.181818181818182	11
200	Tonyelle Cook-Artis	Defeated in primary	Democratic	Chris Rabb	chris	rabb	NA	34012	2016	0.945565749235474	TRUE	89.1131498470948	Chris Rabb	Re-elected	Democratic	Chris Rabb	32558	2018	1	TRUE	100	TRUE	rabb	0.9	10
201	Stephen Kinsey	Re-elected	Democratic	Stephen Kinsey	stephen	kinsey	NA	27706	2016	1	TRUE	100	Stephen Kinsey	Re-elected	Democratic	Stephen Kinsey	22903	2018	1	TRUE	100	TRUE	kinsey	0.9	10
202	Mark Cohen	Defeated in primary	Democratic	Jared Solomon	jared	solomon	NA	18371	2016	1	TRUE	100	Jared Solomon	Re-elected	Democratic	Jared Solomon	14153	2018	1	TRUE	100	TRUE	solomon	0.9	10
203	Dwight Evans	Elected to Congress	Democratic	Isabella Fitzgerald	isabella	fitzgerald	NA	27420	2016	1	TRUE	100	Isabella Fitzgerald	Re-elected	Democratic	Isabella Fitzgerald	22825	2018	1	TRUE	100	TRUE	fitzgerald	0.909090909090909	11
